text	label
I deposited some money, but the balance has not changed.	balance_not_updated_after_cheque_or_cash_deposit
Please tell me where I can update my details since I moved.	edit_personal_details
I seem to have a problem here, I bought something about a 2 weeks ago and just now received the payment back into my account and I've already received the item. Can you tell me what is going on here?	reverted_card_payment?
Do you accept cheques for top-up?	top_up_by_cash_or_cheque
How do I cancel a transfer?	cancel_transfer
Can I use the app without my phone?	lost_or_stolen_phone
What's the process for topping up by card?	topping_up_by_card
I need to set up an account for my daughter, how would I do that?	age_limit
Why wouldn't the ATM give me cash?	declined_cash_withdrawal
What is the maximum transactions for one disposable card?	disposable_card_limits
Trouble with my top up	top_up_failed
How come my transfer got declined	declined_transfer
What is this extra fee while I was doing a transfer?	transfer_fee_charged
Are there specific ATM's I can use with this card?	atm_support
I topped up about half an hour ago and the charge is still pending. I'm a new customer and today is my first time doing this. Can you fix it? It doesn't seem to be working.	pending_top_up
How can I get a refund for an item I purchased but has not yet arrived?	request_refund
I tried to make a transfer like five different times. Why won't your system let me? Is it broke?	failed_transfer
Is a new debit card free?	getting_spare_card
I was overcharged a pound.	extra_charge_on_statement
I placed a cheque but the funds aren't there	balance_not_updated_after_cheque_or_cash_deposit
There is something wrong with my card. Tried to use it a few times today in different places and it just didn't work. The transactions I tried to make were really small so not sure what's going on	card_not_working
I purchased something overseas and the incorrect exchange rate was applied.	card_payment_wrong_exchange_rate
How do I use American express to top up my account?	supported_cards_and_currencies
I need two cards. Is this possible?	getting_spare_card
Supported countries	country_support
My card keeps getting declined when I try to use it.  I would like to top-up, but it is not going though.	top_up_failed
My transfer failed, why?	failed_transfer
Who can have access to top up my account?	topping_up_by_card
What are the auto-top up policies?	automatic_top_up
why wouldnt the atm give me money	declined_cash_withdrawal
I didn't mean to do the transfer, is there any way to cancel it?	cancel_transfer
Why are my transfers not going through.  I have tried over 4 times to get it to work.  This is just a simple transfer.  Is something else causing this in the system?  Is it broken?	failed_transfer
What is going on? I have checked over and over and the details of my account are right. Why is my transfer still pending? It's 2018 not 1818. Transfering money to another country can't be that hard.	pending_transfer
How long do cheques take to post to your account?	balance_not_updated_after_cheque_or_cash_deposit
I could not transfer to a beneficiary	beneficiary_not_allowed
Would I be able to get an account for my child?	age_limit
I inadvertently completed a transaction on a wrong account.	cancel_transfer
Are there limits with top-up?	top_up_limits
Why was there an additional fee on the payment I just made? I don't usually have additional fees applied to my payments.	card_payment_fee_charged
How can I stop someone from using my card after I lost it yesterday.	lost_or_stolen_phone
What happened to the transfer I did?	balance_not_updated_after_bank_transfer
I'm on holiday and I noticed a different amount for exchange rate.  Can you explain?	card_payment_wrong_exchange_rate
There's a possibility that my card was compromised.	compromised_card
Why doesn't it work when I use American Express to try to add money to my account?	supported_cards_and_currencies
Can I pay with my card anywhere?	card_acceptance
Please tell me how to edit my personal details.	edit_personal_details
Where is a Mastercard ATM?	atm_support
Can I choose between Mastercard and Visa?	visa_or_mastercard
Could I please cancel my transfer, I paid it into the wrong account. I need to pay it into the right account by tomorrow.	cancel_transfer
How long is a top up supposed to be pending, because an hour is too long! Can you fix this to go through?	pending_top_up
I don't think that my top-up worked.	top_up_failed
Seems like my top-up has not gone through	pending_top_up
I don't recognize some transactions.  Is someone else using it?	compromised_card
I  see an extra 1Â£ charge on my app. Why did It charge me extra?	extra_charge_on_statement
Let me know what the steps for the identity checks are	verify_my_identity
I got a transfer fail message, but no explanation of why-- what happened?	failed_transfer
It seems like a transfer is pending.	pending_transfer
How do I verify my identity online	verify_my_identity
I would like to cancel my previous purchase.	request_refund
Is this card available to Americans?	country_support
i need to trace a deposit	verify_source_of_funds
I made a cash withdraw and it shows up as pending why is that?	pending_cash_withdrawal
I am interested in giving a second card to my daughter, how can I make this happen?	getting_spare_card
I used my card top-up but all of the money is missing.	topping_up_by_card
My top up has been pending for an hour already, and I really need this to go through as soon as possible.  Can you help?	pending_top_up
I would like to get help from someone in your customer service department with assisting me with activating my card.	activate_my_card
My card isn't working at all. What happened?	card_not_working
My payment didn't work and the money is in back in my account.	reverted_card_payment?
Hello, a few days ago I transferred my rent check to my landlord, however, he is saying that it has not gone though. On my end everything looks fine and I double checked the account number. Is there anything else that could be holding up the check?	transfer_not_received_by_recipient
What should I do if someone else used my card?	compromised_card
I checked my account today and saw that I was charged an extra pound that I did not spend.	extra_charge_on_statement
I no longer want this can i cancel my purchase?	request_refund
My transfer is pending, why?	pending_transfer
I'm interested in learning more about product refunds.	request_refund
It's been a week since you sent my card and I still don't have it.	card_arrival
The app doesn't believe that I am myself	unable_to_verify_identity
My card has gone missing.	lost_or_stolen_card
I made a payment but the app cancelled it.	reverted_card_payment?
Can I use this app to change money?	exchange_via_app
Why has my payment been reversed?	reverted_card_payment?
I have not seen any changes in my account balance(s) after making a transfer.	pending_transfer
I use my card internationally to manage payments and I just noticed that you are adding additional fees.  Why?  I am a good customer and this has me thinking about leaving.	transfer_fee_charged
Is there a reason to why I was charged twice for a transaction?	transaction_charged_twice
Are there discounts for frequent currency exchanges?	exchange_charge
Too many times I entered the incorrect PIN.  How can I get my account unblocked?	pin_blocked
I have tried 5 times at this point to complete a transfer that's simply standard. What appears to be the problem? Is your system messed up?	failed_transfer
Is there a certain age I need to be?	age_limit
How can I cancel my transfer?	cancel_transfer
What are the reasons that my mortgage payment won't go through? I'm getting an error and don't know how to correct to get this transfer to go through.	failed_transfer
I need assistance completing a transfer. I'm trying to purchase a flat and need the money for the initial mortgage payment. I keep getting an error and the transfer is not going through. What is going on here?	failed_transfer
I would like to know what exchange rates you use?	exchange_rate
I updated by balance with a cheque yesterday but it isn't showing on my account. Did something go wrong?	balance_not_updated_after_cheque_or_cash_deposit
I got a fee when paying with my card	card_payment_fee_charged
I'm concerned because my cash withdrawal is pending.	pending_cash_withdrawal
I did a bank transfer to top up, but the money is not available.	top_up_failed
Give me back my money, I'm not paying the sellers. It has been a long time ago that I made an order and it just isn't coming.	request_refund
I deposited some cash but it hasn't shown up in my account yet, what's going on?	balance_not_updated_after_cheque_or_cash_deposit
How can I change currency type?	exchange_via_app
What do I do?  My card is broken.	card_not_working
I want to know your exchange rates.	exchange_rate
I've been waiting for 3 days, why is my withdrawal still pending?	pending_cash_withdrawal
Someone mugged my and stole everything.  I can't use the app.  What should I do?	lost_or_stolen_phone
how can i exchange currencies	exchange_via_app
I want to reset my passcode, how can I do that?	passcode_forgotten
I would like to change my adress	edit_personal_details
I did not get enough cash	wrong_amount_of_cash_received
My things were stolen and I need to know if I can still use this app.	lost_or_stolen_phone
I'll send a check to top up my account	top_up_by_cash_or_cheque
Do you charge if I use a European bank card for top up?	top_up_by_card_charge
What do I do if I have been charged twice?	transaction_charged_twice
The exchange rate that was applied for an international purchase was wrong.	card_payment_wrong_exchange_rate
I didn't know I was going to get charged to use my card.	card_payment_fee_charged
I have been double charged	transaction_charged_twice
May I transfer a cheque into my account?	top_up_by_cash_or_cheque
I just topped up, and the app denied it.	top_up_failed
Do you charge for sending more cards?	getting_spare_card
To deliver to the US, how long will it take?	card_delivery_estimate
How long does it take for something to be delivered to the U.S?	card_delivery_estimate
I topped off my card is that something you will charge me for?	top_up_by_card_charge
What foreign exchange rate will I get?	exchange_rate
It's been over a month and i still haven't received my goods! I ordered a pencil for crying out loud, it's not that hard to deliver that! I'm done with these people, give me a refund immediately! I'll search for my Japanese exclusive pencil elsewhere!	request_refund
If I need to transfer something quick from China, how long does that take?	transfer_timing
When is a payment I made with my card going to clear>	pending_card_payment
I was attempting to top up with my card but the money has vanished!	topping_up_by_card
what is the correct exchange rate for getting cash	wrong_exchange_rate_for_cash_withdrawal
What's the procedure for canceling a purchase?	request_refund
Is there an additional cost to exchange currencies?	exchange_charge
How do I cancel a transaction?	cancel_transfer
Shopping on line I was declined when trying to buy something.	declined_transfer
I think my phone was stolen. What can I do?	lost_or_stolen_phone
Do I need to convert my currency from GBP before transferring?	receiving_money
I made a transfer from France a couple days ago and don't see the transaction yet. How long does an international transfer take?	balance_not_updated_after_bank_transfer
Which fiat currencies do you currently support? Will this change in this future?	fiat_currency_support
I have not received my card and it's been a week, what do I do?	card_arrival
So I've been using my account frequently to manage payments for my vacation house in a different country, and now I'm getting hit with ridiculously high fees! What's with that? Ought not I be rewarded as a frequent user?	transfer_fee_charged
Can I have a friend send money directly to me?	receiving_money
What is this fee debit on my account?	extra_charge_on_statement
What is the max amount of disposable cards I'm allowed.	disposable_card_limits
How do I verify my identity?	verify_my_identity
Can you explain the transfer fee that I was charged?	transfer_fee_charged
Please check the exchange rate for my payment last Saturday. I believe I have been overcharged.	card_payment_wrong_exchange_rate
I have a problem with a transfer. It didn't work. Can you tell me why?	declined_transfer
i tried to transfer cryptocurrency into my account but was denied	beneficiary_not_allowed
Can I open up an account for my child?	age_limit
Do you accept cheques for top ups?	top_up_by_cash_or_cheque
How do you figure out the exchange rate? Can you explain why I got less money than expected?	wrong_exchange_rate_for_cash_withdrawal
I really need to know how to change my pin.	change_pin
Are currency exchanges free?	exchange_charge
I would like to know how to transfer money into my account.	transfer_into_account
How do I cancel a purchase?	request_refund
Why was I charged a higher exchange rate when I bought something abroad?	card_payment_wrong_exchange_rate
Why is there an additional fee showing on the statement I received?	extra_charge_on_statement
How can I fix this? The ATM gave me more cash than I'd asked for.	wrong_amount_of_cash_received
Can I choose between Visa and Mastercard?	visa_or_mastercard
I was abroad and needed some cash, but I think the wrong exchange rate was applied to the transaction.	wrong_exchange_rate_for_cash_withdrawal
It's only been a few weeks my my top-up got cancelled	top_up_reverted
I was charged multiple times for one purchase	transaction_charged_twice
What does pending payment mean?	pending_card_payment
Do I have to go into the bank to change my PIN?	change_pin
Somebody used my card without my knowledge!	compromised_card
cash and check deposit has not gone thru	balance_not_updated_after_cheque_or_cash_deposit
Does a discount apply if I exchange currencies frequently?	exchange_charge
The app has rejected my top up.	top_up_failed
Is there a way to change my PIN without having to go to the bank?	change_pin
I just made an order and noticed an extra fee. Why have you charged me this without informing me?	card_payment_fee_charged
I wish to top up using a cheque.	top_up_by_cash_or_cheque
When I add money to my international card do you charge a fee to do so?	top_up_by_card_charge
The rate applied to my foreign currency at an ATM was incorrect.	wrong_exchange_rate_for_cash_withdrawal
Can I transfer something urgently from China? How long does it take?	transfer_timing
how to exchange currencies	exchange_via_app
Is it possible to purchase more physical cards with my account?	getting_spare_card
I made a purchase but the exchange rate is wrong?	card_payment_wrong_exchange_rate
Hello, there was an error while attempting top-up with my card this morning. I was able to use the card two days ago with no issues. Could you please assist?	top_up_failed
Questionable transactions on my account.	compromised_card
I want a new PIN please.	change_pin
How do I know where my money comes from?	verify_source_of_funds
How can you assist me on topping up on bank transfers to my account?	transfer_into_account
Which countries are you in?	country_support
Why was I charged for payments? You didn't warn me about additional fees.	card_payment_fee_charged
Why is my withdrawl to cash still pending?	pending_cash_withdrawal
Will the card be a Mastercard or a Visa?	visa_or_mastercard
help my money isnt showing up	balance_not_updated_after_bank_transfer
when will my transfer clear	pending_transfer
Will I be charged if I add more cards to the account?	getting_spare_card
How can I change my account details?	edit_personal_details
Is there a fee for european bank cards?	top_up_by_card_charge
How can I put more money into my account?	top_up_by_cash_or_cheque
I completed a transfer within the UK two days ago, but it is still not showing received.  I have verified the account number is correct already.  Is there anything else I need to do or is there a problem?	transfer_not_received_by_recipient
My account was charged twice for one purchase	transaction_charged_twice
Do I need to add my salary?	receiving_money
What process should I use to transfer money into my account?	transfer_into_account
How do I use a cheque to top up?	top_up_by_cash_or_cheque
How can get a Visa card?	visa_or_mastercard
Please provide me with the restrictions of the disposable cards.	disposable_card_limits
I am at the ATM and tried to withdraw 30 pounds and it only gave me 10 pounds, what do I do?	wrong_amount_of_cash_received
I was charged twice for an in-store purchase that I thought was declined.  My App says that it's still pending for one of the payments. Please make sure one of the charges is removed.	transaction_charged_twice
"At which ATMs can I use this card?"""	atm_support
Does this app exchange currencies?	exchange_via_app
When will my transfer post to my account?	transfer_timing
Why is a transfer to a beneficiary not possible?	beneficiary_not_allowed
How long does it take for cards to be delivered after ordering them?	card_delivery_estimate
I want to find out what happened to my new card?	card_arrival
Can you explain to me why a top up would be reverted?	top_up_reverted
What is limit of disposable cards  I can make per day?	disposable_card_limits
How long will it take to get to the US?	card_delivery_estimate
My money is gone :( I had topped up recently and saw it was there and went through, but now it's disappeared, what's going on?	top_up_reverted
Tell me why there is a fee for a card payment.	card_payment_fee_charged
Why did my top-up get reverted?	top_up_reverted
Can this card be used at all ATMs?	atm_support
I paid with my card and I was charged a fee	card_payment_fee_charged
What's the deal? Money has just disappeared out of my account. I thought you offered crypto top up and it doesn't seem to working.	top_up_reverted
I transferred money but the recipient does not see the funds in their account?	transfer_not_received_by_recipient
The cheque I sent a few days ago has not been deposited yet, what is the hold up?	balance_not_updated_after_cheque_or_cash_deposit
The app doesn't believe its me.	unable_to_verify_identity
Are your cards available in the EU?	country_support
I ordered my card but it hasn't been delivered yet	card_arrival
How long before I can see that my cash withdrawal has taken place?	pending_cash_withdrawal
A transaction on my card shows as pending.	pending_card_payment
I think my passcode was changed	passcode_forgotten
My money is gone. I had topped up recently and saw it was there and went through, but now it's disappeared, what's going on?	top_up_reverted
How can I pay for top-ups?	supported_cards_and_currencies
How do I go through the identity checks?	verify_my_identity
I want to use cash to top up.	top_up_by_cash_or_cheque
can i transfer money i the app	transfer_into_account
My card payment says pending and it hasn't changed	pending_card_payment
I need information explaining why my top-up failed to go through	top_up_failed
Why is the cash transaction still showing as not completed?	pending_cash_withdrawal
I seem to of forgotten my passcode.	passcode_forgotten
I would like help to revert a transaction I did this morning	cancel_transfer
Hello. I have a transaction in my account listed as pending. I tried to use an ATM at the city centre, but the machine declined my card, and I did not receive the money. Why is the transaction still pending if I did not receive the money.	pending_cash_withdrawal
What is the pending payment on my card about?	pending_card_payment
Can you tell me whats going on with my card it seems to be not working?	card_not_working
Why hasn't the transfer shown up in my account yet?	transfer_timing
Why was my card charged when topping off my balance but it's not showing up in my wallet balance?	topping_up_by_card
Do you charge a fee for topping up a card?	top_up_by_card_charge
What are the currencies that are accepted to add money?	supported_cards_and_currencies
can i get a card if I live in the usa?	country_support
Can I set it up to add money every few days automatically while I am traveling?	automatic_top_up
How do I make my transfer go through	declined_transfer
While I was drunk, I goofed my PIN number and your machine ate my card. How can I get it back?	pin_blocked
Who accepts the card?	card_acceptance
I thought I was going to receive more currency?	wrong_exchange_rate_for_cash_withdrawal
i made a payment with my card and was charged a fee, why would you do that	card_payment_fee_charged
Why isn't my purchase exchange rate correct?	card_payment_wrong_exchange_rate
I may no longer need GBP, but instead I will need AUD, how can I go about making this change?	exchange_via_app
Does the app top up automatically?	automatic_top_up
I'd prefer Mastercard.	visa_or_mastercard
What is the extra fee on my statement?	extra_charge_on_statement
Balance hasn't been updated following a bank transfer	balance_not_updated_after_bank_transfer
Why did my payment get declined?	declined_transfer
Hi! I'm a university student studying abroad and I noticed that when I was trying to cross-reference my budget for this month that there were extra fees I was not expecting. Why is that? I've had this account for years and I haven't had any trouble so far, it might not even be on your all's end since I'm still new to international travel and finance, but I wanted to double check in case a mistake was made!	transfer_fee_charged
Why are my transfers getting declined?  I havent had a problem in the past.	declined_transfer
Can I get a card that works in other countries like Africa and Indonesia?	country_support
Is my transfer pending?	pending_transfer
I am inquiring about a $1 charge on my statement.	extra_charge_on_statement
I need help verifying my identity.	unable_to_verify_identity
It won't let me activate my card.	activate_my_card
What time will a transfer from the US take?	transfer_timing
How can I get cash back? The ATM just gave me the wrong amount that I've been actually charged though...	wrong_amount_of_cash_received
Someone is making transactions on my account, I think they took my card information.	compromised_card
Any extra charges for exchanging currencies?	exchange_charge
You can do that in just a few seconds. Go to account, hit activate, and follow the directions from there.	activate_my_card
Isn't my top-up supposed to mean its complete?	pending_top_up
It appears as though my card payment was duplicated. I paid at the store earlier today. The first time it was declined and the second time it worked. The app is still showing one of the payments to be pending. Please take one of these off because clearly the first was declined and is not correct.	transaction_charged_twice
I got $20 when I should've gotten $100	wrong_amount_of_cash_received
My funds are low, can I auto top up?	automatic_top_up
Why is my withdrawal from the ATM still showing as pending?	pending_cash_withdrawal
Is it possible for me to give my daughter a second card for this account?	getting_spare_card
Where is the transfer to my account?	balance_not_updated_after_bank_transfer
Why do you keep declining my transfers? it's always been working really well so far but when I tried to buy something just now the card got declined . I tried couple of times already  but same thing is happening .	declined_transfer
Can my password be reset if I do not have it?	passcode_forgotten
What is your shipping policies for cards?	card_delivery_estimate
How many disposable cards can I have at one time?	disposable_card_limits
I need more assistance with how to activate my card.	activate_my_card
My card is missing.	lost_or_stolen_card
I didn't receive the correct amount of cash	wrong_amount_of_cash_received
My transfers keep on getting declined. My card was working fine up until now, however it has suddenly stopped working. Why is this?	declined_transfer
I'd like to have extra cards. Will I have to pay for that?	getting_spare_card
Why would a transfer to an account not be allowed?	beneficiary_not_allowed
What happens if I forget my PIN?	pin_blocked
I want to hold and exchange fiat currencies, what can I use to do so?	fiat_currency_support
I have been charged twice this week for a couple of things on my card. Can you please check this out for me and return the double charged items back?	transaction_charged_twice
How do you come up with your exchange rate	exchange_rate
How fast can you fix an error in payment?  I made a payment in the wrong account yesterday and it needs to be adjusted by tomorrow for my rent.	cancel_transfer
I would like to change my personal details.	edit_personal_details
Why didn't my transfer get to the recipient?	transfer_not_received_by_recipient
My identity verification didn't work	unable_to_verify_identity
I was charged an extra fee for a card payment. I was unaware of these fees beforehand.	card_payment_fee_charged
I'm not able to activate my card how do I fix this problem?	activate_my_card
Could you inform me as to why I have been charged a higher fee for doing banking abroad.	transfer_fee_charged
I made a cash withdrawal at an ATM but it still says pending in my account.	pending_cash_withdrawal
What does it mean to have a pending cash withdrawal?	pending_cash_withdrawal
Do you accept Visa or Mastercard?	visa_or_mastercard
I can't get into the app with the passcode.	passcode_forgotten
Why is there a â¬1 charge on my statement?	extra_charge_on_statement
The top-up is broken.	pending_top_up
Dude I put money in the ATM last week but it ain't there! I need the money now figure this out!	balance_not_updated_after_cheque_or_cash_deposit
I wish to remove my account.	terminate_account
The balance has not been updated.	balance_not_updated_after_bank_transfer
I didn't receive the correct amount of cash when I exchanged it overseas.	wrong_exchange_rate_for_cash_withdrawal
How can I use my American Express to add money into my account?	supported_cards_and_currencies
What limits are the to top-ups?	top_up_limits
What kind of fees will I pay when I transfer?	transfer_fee_charged
I'm not happy with the services I'm getting with this company. Can you please delete my account?	terminate_account
my balance has not changed, despite depositing a cheque	balance_not_updated_after_cheque_or_cash_deposit
Why was I charged a fee for debit or credit card payment?	card_payment_fee_charged
Why is my cash withdrawal pending?	pending_cash_withdrawal
How can I transfer money using my credit card?	topping_up_by_card
I used my card to make a payment and wondered why the payment was reverted?	reverted_card_payment?
I don't see a money transfer yet	pending_transfer
Please tell my why I was charged a fee for using my card?	card_payment_fee_charged
I got some cash in the ATM but its still pending	pending_cash_withdrawal
How long does it typically take to make a transfer from a UK bank? I just made one and it hasn't shown up in my account yet.	balance_not_updated_after_bank_transfer
Do you limit my top-ups?	top_up_limits
I can't access my account.	passcode_forgotten
Is a bank transfer acceptable for topping up my account?	transfer_into_account
What US credit cards do you accept?	supported_cards_and_currencies
Can I auto top-up as much as I want?	automatic_top_up
where did my funds come from?	verify_source_of_funds
phone is gone	lost_or_stolen_phone
Reasons for top up cancellation.	top_up_reverted
I have duplicated transactions on my statement	transaction_charged_twice
It does not appear that my message went through.	top_up_failed
I need to terminate my account immediately.	terminate_account
The ATM won't let me take out cash	declined_cash_withdrawal
I sent some money and the account hasn't recived the transfer I made.	transfer_not_received_by_recipient
I really was trying to complete this exhange. I was trying to purchase some crypto but the app won't allow me to do it. Can you tell me what's going on here?	beneficiary_not_allowed
What are the sources for the funds in my account?	verify_source_of_funds
Do I have to pay more for exchanges?	exchange_charge
I did a transaction to a wrong account!	cancel_transfer
I have not received the completed transaction.	transfer_not_received_by_recipient
What fiat currencies are used with holdings and exchanges?	fiat_currency_support
The correct exchange rate wasn't given to me for an item I purchased.	card_payment_wrong_exchange_rate
Transfer was declined.	declined_transfer
I have money in a foreign account that I want to send to this account.	transfer_into_account
Is there a fee for sending out more cards?	getting_spare_card
The activation process did not work, please help?	activate_my_card
has my card payment been reverted?	reverted_card_payment?
My payment was terminated	reverted_card_payment?
Hi. Please can you help me fix a double charge on my card? I'm looking at my transactions and this restaurant I went to earlier in the week has charged me twice! Please remove the additional charge for me.	transaction_charged_twice
When will I receive the cash payment from the check I deposited?	balance_not_updated_after_cheque_or_cash_deposit
What currencies do you support?	fiat_currency_support
Hi, I am unable to use my card in ATM. I had tried my card in two ATMs but both ATMs declined it. Could you please check my account?	declined_cash_withdrawal
I haven't received the cash from the check I deposited.	balance_not_updated_after_cheque_or_cash_deposit
I wanted to withdraw $100 from the ATM but I only got $20	wrong_amount_of_cash_received
How can we correct a mistake on an ATM transaction?  The app shows what I should have gotten.	wrong_amount_of_cash_received
Is there a limit to using a disposable virtual card?	disposable_card_limits
Why is my ATM cash withdrawal not working?	declined_cash_withdrawal
My account balance has not updated since I deposited a cheque recently.	balance_not_updated_after_cheque_or_cash_deposit
How do I change my card PIN?	change_pin
What is the formula for your exchange rate?	exchange_rate
I bought an item that I was charged a different exchange rate for.	card_payment_wrong_exchange_rate
I ordered my card but it still isn't here	card_arrival
Transferred to account is not successful, help please?	balance_not_updated_after_bank_transfer
The app isn't showing my transactions	transfer_not_received_by_recipient
How long do you expect me to wait for the transfer? It finally worked out, but has been pending for a long time and it's quite urgent.	pending_transfer
why do I need to show ID	verify_my_identity
Who do I call to cancel a transfer?	cancel_transfer
I am out of money in my account and I was wondering if I could do a bank transfer is put more in it?	transfer_into_account
Can I add money to my card automatically during a trip?	automatic_top_up
I needed cash today, so I used another provider's ATM, and when I attempted to withdraw, it declined. I just checked it out and I'm still showing my account with that amount pending! I didn't take any money out, it was declined, so I don't want that to be processed as a withdrawal.	pending_cash_withdrawal
I received the wrong color and size, can I return it?	request_refund
Hello, i'd like to inform you of an issue i'm currently experiencing. The goods i have ordered from your website have still not arrived yet; it has been over 3 weeks. I would like to be issued a refund swiftly and be redirected to more competent people. Thank you for your assistance.	request_refund
Where can I edit personal details?	edit_personal_details
I made a card payment by my card but it failed. Please let me know when the payment will get completed as its still pending.	pending_card_payment
Help, I was charged twice!	transaction_charged_twice
What are my options for topping up, automatic and/or manual?	automatic_top_up
Why do I see an extra â¬1 charge on my statement?	extra_charge_on_statement
Please sort your top up! My top up has been pending for an hour already. Can you please make it go through as soon as possible. I really need the money.	pending_top_up
I saw that my transfer was declined.	declined_transfer
Can I change my PIN online?	change_pin
I would like to get some extra cards?	getting_spare_card
I sent money to someone but they haven't gotten it yet	transfer_not_received_by_recipient
I need immediate assistance in canceling a transfer which was a mistake. Please help me quickly so this does not go through.	cancel_transfer
Will there be a cost if I exchange currency?	exchange_charge
How quickly can you get me my card?	card_delivery_estimate
Is there a charge for exchanging foreign currencies?	exchange_charge
It seems you keep declining my transfers. Before, it's always worked very well.Just now when I tried to buy something the card was declined. I tried more than once and it was the same thing each time.	declined_transfer
I just did a money transaction but its not showing they received it	transfer_not_received_by_recipient
Do I have to manually top up once I'm too low?	automatic_top_up
Can I get a card although I'm not in the UK	country_support
Extra charge during transfer	transfer_fee_charged
There must have been a mistake, why was I charged an extra pound?	extra_charge_on_statement
I sent a check into the system but still haven't received the cash yet	balance_not_updated_after_cheque_or_cash_deposit
What is the reason a transfer shows as pending?	pending_transfer
What does it mean if it says that my payment is pending?	pending_card_payment
Which flat currencies can I use from you?	fiat_currency_support
The cash withdrawal I took seems to be off. The exchange rate is wrong.	wrong_exchange_rate_for_cash_withdrawal
my exchange rate looks wrong for my last payment	card_payment_wrong_exchange_rate
Can I electronically transfer funds into my account from my American Express?	supported_cards_and_currencies
I tried to do a transfer but it didn't go through.	failed_transfer
How long does it take for a new card to ship?	card_arrival
Can my account have different types of currency in it.	fiat_currency_support
I haven't yet received money that I transferred	balance_not_updated_after_bank_transfer
My salary is deposited in GBP. Do I need to choose the currency?	receiving_money
I purchased this item and would like a refund	request_refund
How do i transfer something faster than normal?	transfer_timing
Why is my card being declined at the ATM? I have tried multiple ATMs and i keep running into the same problem. Could you verify that everything is okay with my account?	declined_cash_withdrawal
need to know where money comes from	verify_source_of_funds
I've got a weird problem: I purchased something a week or maybe it was two weeks ago, and the funds have come back into my account! Can you explain this?	reverted_card_payment?
I have not been able to use this card.	card_not_working
I'm still awaiting for the completion of the transaction.	transfer_not_received_by_recipient
Can I start an account for my kids?	age_limit
My transfer to an account failed.	beneficiary_not_allowed
I couldnt transfer money from my account.	failed_transfer
I would like my card activated.	activate_my_card
Can I exchange USD and GBP from the app?	exchange_via_app
i asked for 100 only got 80	wrong_amount_of_cash_received
How can I request cash back? The ATM just gave me the wrong amount that I've been charged though...	wrong_amount_of_cash_received
Can I use visa or mastercard with your service	visa_or_mastercard
When are you going to transfer the money?	transfer_not_received_by_recipient
My wallet isn't showing my top-up, did I do something wrong?	topping_up_by_card
Help, the ATM didn't give me all the money I requested	wrong_amount_of_cash_received
Are top-ups unlimited?	top_up_limits
How many times can I make a top-up?	top_up_limits
How do I know which countries you provide service in?	country_support
I urgently need to transfer something from China. How long can I expect it to take?	transfer_timing
After reviewing my charges, I see I was charged a fee for a transfer I did, why?	transfer_fee_charged
Which ATMs accept this circuit board ?	atm_support
I got a new address and need to change my old one.	edit_personal_details
Why was my atm withdrawl declined	declined_cash_withdrawal
Is it possible for me to track the card is was mailed to me?	card_arrival
Is there anyway to use a cheque to top up?	top_up_by_cash_or_cheque
My card was lost on vacation, I don't know where it is. Can you help me take care of this immediately?	lost_or_stolen_card
Can friends send me money?	receiving_money
Can you tell me how many currencies I can hold?	fiat_currency_support
Can you send me a Mastercard, instead of a Visa?	visa_or_mastercard
Are there any specific cash machines that I have to go to in order to change my PIN?	change_pin
What is the system for determining the exchange rate?	exchange_rate
I don't see the transaction I made to a friend on my account.	transfer_not_received_by_recipient
Do the disposable cards have a transaction limit?	disposable_card_limits
Why is the check I deposited this morning not showing up?	balance_not_updated_after_cheque_or_cash_deposit
Are there any limits if I use these virtual cards?	disposable_card_limits
Is there a number to call to get my pin unblocked?	pin_blocked
Why is there a fee for using my card?	card_payment_fee_charged
My physical card is not working	card_not_working
phone is at a hotel, can i still use app	lost_or_stolen_phone
What to do if my card has been used without my permission?	compromised_card
What is the top-up limit on my cards?	top_up_limits
Why are my withdrawals suddenly being declined?	declined_cash_withdrawal
My payment had a wrong exchange rate.	card_payment_wrong_exchange_rate
can other people use the app to add money to my account	topping_up_by_card
Can I withdraw from any ATM?	atm_support
My phone was taken yesterday, is there something that I need to do?	lost_or_stolen_phone
I need to transfer money into my account, and I don't know how to do that.	transfer_into_account
What currencies can be exchanged in the app?	exchange_via_app
I am tired of getting charged fees, and I have no idea why, please let me know what/when you charge fees for.	card_payment_fee_charged
I made a transfer into my account and now I need to cancel it	cancel_transfer
Why do I have an unexpected fee on my bill?	transfer_fee_charged
Help me verify my identity.	unable_to_verify_identity
How much do I have to pay if I want to transfer money?	transfer_fee_charged
My card payment was cancelled it seems.	reverted_card_payment?
My card hasn't shown up yet.	card_arrival
How much does top up fees cost?	top_up_by_card_charge
Can I change from AUD to GBP?	exchange_via_app
My top-up didn't work.	top_up_failed
What is the currency exchange fee?	exchange_charge
How long does an international transfer take? I made the transfer from France 2 days ago, but it is not showing up in my bank yet.	balance_not_updated_after_bank_transfer
How do I reset my passcode?	passcode_forgotten
Payment did not process	beneficiary_not_allowed
Why isn't my money from a check deposit showing?	balance_not_updated_after_cheque_or_cash_deposit
How can I change to my married name?	edit_personal_details
I wasn't applied the correct exchange rate when getting cash	wrong_exchange_rate_for_cash_withdrawal
Please let me know what currency I can use to top up my account?	supported_cards_and_currencies
My address is incorrect on my file.	edit_personal_details
I'd like to make some changes to my personal information.	edit_personal_details
Show me how to activate my card	activate_my_card
There is  an extra 1Â£ charge on my app. Why did it charge me extra?	extra_charge_on_statement
What is the reason for my beneficiary to be disallowed?	beneficiary_not_allowed
I haven't been able to complete any transactions on my card today. Do you know what's wrong?	card_not_working
I'm still waiting for my top-up to go through	pending_top_up
I would like for someone to tell me which fiat currencies that your company supports.	fiat_currency_support
Can I select my card scheme or do you choose it for me?	visa_or_mastercard
I was declined when I tried to withdraw cash!	declined_cash_withdrawal
I got charged a fee for transferring money.	transfer_fee_charged
I want this fee reversed from my account.	request_refund
How often can I top up?	top_up_limits
Can I activate my card?	activate_my_card
How can I update my details since I moved?	edit_personal_details
If US cards have a top up charge, what is it?	top_up_by_card_charge
Can you tell me what is wrong ? I top-up with you all the time but this time it just shows my top-up as pending. What is happening?	pending_top_up
Can i get money in my home currency at my ATM ?I am on holiday and bit concerned because i do not have any cash with me .Is it possible to withdraw without any additional cost.	wrong_exchange_rate_for_cash_withdrawal
I would like to cancel my account.	terminate_account
Can I use my American Express card to add money into my account?	supported_cards_and_currencies
My payment is in the app but hasn't gone through yet	pending_card_payment
I want a refund on this.	request_refund
It didn't give me my cash	wrong_amount_of_cash_received
I accidentally exceeded my PIN tries.  Please advise.	pin_blocked
Why hasn't my transfer from Europe gone through?	transfer_timing
Do you guys have any age restrictions?	age_limit
I can't verify my ID. Why?	unable_to_verify_identity
"Where can I use my card?"""	card_acceptance
I tried entering my pin several times incorrectly. Why isn't my pin working?	pin_blocked
I need to track the card sent to me.	card_arrival
The transfer to my account was not allowed.	beneficiary_not_allowed
Is it possible to hold money in multiple currencies?	fiat_currency_support
What exchange rate will I receive?	exchange_rate
Can you tell me why I haven't received my new card yet?	card_arrival
What needs to be provided for identity verification?	verify_my_identity
Why am I unable verify my id?	unable_to_verify_identity
Can I have it by a certain date?	card_delivery_estimate
Hello I changed my mind and really need a refund on something I bought recently. Can you please cancel the transaction and get me my money back. Please it's urgent.	request_refund
Why hasn't my payment gone through yet?	pending_card_payment
Who can I speak with regarding a lost card?	lost_or_stolen_card
I tried activating my card and it doesn't work how do I solve this problem?	activate_my_card
Was there a way for me to get tracking for that?	card_arrival
I tried to make a transfer and it failed.	failed_transfer
Will my card be here soon?	card_delivery_estimate
My top-up was supposed to be done, but now the money is gone! Is there a glitch in your system?	top_up_reverted
why did my payment revert	reverted_card_payment?
I need money put into this account from another one.	transfer_into_account
How come I can't get money at the ATM	declined_cash_withdrawal
Given a choice, I'd rather have Mastercard.	visa_or_mastercard
I am very dissatisfied with the services that you are providing.  I want to cancel my account.	terminate_account
How many physical cards am I allowed to have?	getting_spare_card
My card hasn't arrived in the mail yet. I ordered it two weeks ago. What can I do?	card_arrival
When should I expect my card to arrive?	card_delivery_estimate
What are the reasons to be charged a fee on card payments?	card_payment_fee_charged
I tried doing an in country transfer earlier this week. I thought it would be there by now but I still don't see the money. Can you check the status on my transfer?	transfer_not_received_by_recipient
I want to use my card. How do I activate it?	activate_my_card
Can I get money in my home currency at some ATM? I'm on holiday and am a bit concerned because I don't have any cash with me, it is possible to withdraw here already without any additional cost?	wrong_exchange_rate_for_cash_withdrawal
What do I do to close my account?	terminate_account
Using international ATMs messes up the exchange rate.	wrong_exchange_rate_for_cash_withdrawal
My cash withdrawal was declined, why?	declined_cash_withdrawal
How did you arrive at the rate of exchange? I thought that I would get more cash.	wrong_exchange_rate_for_cash_withdrawal
I needed cash from the ATM but I couldn't get it.	declined_cash_withdrawal
I'm still waiting for the top-up!	pending_top_up
What caused my top-up to be returned?	top_up_reverted
Do I have to go to the bank to change my PIN?	change_pin
I checked my statement and saw a charge of one pound, where is this charge coming from?	extra_charge_on_statement
What is happening?  I have tried to transfer money 5x already.  Is the system down?  This shouldnt be happening as this is a basic transfer.	failed_transfer
What ATM locations are near me?	atm_support
The app reverted after I topped-up	top_up_reverted
What countries do you operate in?	country_support
I do not think the pop up went through yet.	pending_top_up
If I need to cash foreign transfers, how does that work?	exchange_rate
Where did the money transfer go?	transfer_not_received_by_recipient
Will a beneficiary not accept a transfer?	beneficiary_not_allowed
What value can I get for my currency?	exchange_rate
I asked for more cash than what was received	wrong_amount_of_cash_received
How limited is a virtual card?	disposable_card_limits
"""My husband and I went out for our weekly """"dinner and a movie,"""" and it was my turn to pick up the check. Now I see that my card was charged twice. Who should I contact about negating the second charge and getting my card credited?"""	transaction_charged_twice
I can't figure out how to change GBP to AUD, what do I do?	exchange_via_app
How do I go about changing my PIN?	change_pin
Is there a fee for exchanging currency?	exchange_charge
what cards and currencies are accepted?	supported_cards_and_currencies
At what age can my children use your service?	age_limit
I'm having trouble with proving my identity.	unable_to_verify_identity
Do you offer account services for children and teens?	age_limit
What's the limit to how much I can top up?	top_up_limits
How long will an urgent transfer from China take?	transfer_timing
I lost my phone. Can I disable to app?	lost_or_stolen_phone
Why isn't my beneficiary allowed?	beneficiary_not_allowed
Why am I seeing a fee for transferring money?	transfer_fee_charged
Why was my PIN blocked?	pin_blocked
I'm dissatisfied with the service and would like to terminate the account.	terminate_account
In which countries can I get a card?	country_support
What are the restrictions of the disposable cards?	disposable_card_limits
I don't think the exchange rate was right.	wrong_exchange_rate_for_cash_withdrawal
I want my purchases cancelled.	request_refund
I recently bought an item using my card and I was charged an extra fee why is this?	card_payment_fee_charged
Could you please tell me how to activate my new card?	activate_my_card
I need a new login code	passcode_forgotten
Hi, I lost my phone yesterday, what can I do to stop someone using my account on it?	lost_or_stolen_phone
I got less cash because of the exchange rate.	wrong_exchange_rate_for_cash_withdrawal
The top-up did not go through.	top_up_failed
Why am i being double charged for something?	transaction_charged_twice
What caused my top up to be reverted?	top_up_reverted
What can i pay with out  fees	card_payment_fee_charged
I found a transfer fee - is that correct?	transfer_fee_charged
My currency rate is inaccurate.	card_payment_wrong_exchange_rate
Can you tell me why my card isn't letting me make purchases online? It's been 2 weeks I've been trying.	reverted_card_payment?
What is wrong with my top-up?	pending_top_up
Where did my money come from?	verify_source_of_funds
What type of card can I use to top up?	supported_cards_and_currencies
I want to transfer money to a beneficiary, but I couldn't.	beneficiary_not_allowed
I sent you a cheque a few days ago and I noticed that nothing has happened yet. Can you tell me the status of my cheque please?	balance_not_updated_after_cheque_or_cash_deposit
What cards and currencies can I use to top up my account?	supported_cards_and_currencies
If I need to make an exchange from USD to GBP, how can I do so in the app?	exchange_via_app
"""Hello. How long does it usually take to transfer money to another country? I've made sure all the information is correct, but the transfer still says that it's """"pending."""""""	pending_transfer
Help me cancel a transaction.	cancel_transfer
Can I use my card to withdraw from my account?	atm_support
I need help to resolve mix up on my card payment. My account shows the money was taken out and then put back in the account. Then I received a message from the seller, It said that they did not get my payment.	reverted_card_payment?
I am not in the UK can i get a card?	country_support
Is there a fee for adding funds with a credit card?	top_up_by_card_charge
Is there a tracking number for the card you sent me?	card_arrival
It seems my card payment was completed twice. I paid at the store previously and the first one did not seem to go through. After a second attempt, it did go through. I now see within the app that I have been charged twice with one of them pending. Can you please remove the pending amount because it is clearly something that was declined?	transaction_charged_twice
How long will a transfer from Europe take?	transfer_timing
It appears I have a fee in my statement.	extra_charge_on_statement
may I have a Visa and a Mastercard from you.	visa_or_mastercard
How can my friend pay me?	receiving_money
When will my transfer be in my account?	transfer_timing
I need to verify my identity. How do I do that?	verify_my_identity
I made a payment that's pending. Will it go through?	pending_card_payment
I just made a transfer from a UK account. How long does that typically take to show up? I just want to make sure it worked alright.	balance_not_updated_after_bank_transfer
Can I change my pin at ATMs?  If so, what ones?	change_pin
Why has my payment not transferred?	failed_transfer
I think that somebody is utilizing my card without my authorization!	compromised_card
I don't know my password anymore.	passcode_forgotten
How come I was charged a transaction of $1?	extra_charge_on_statement
Cash withdrawal was incorrect at ATM.	wrong_amount_of_cash_received
If my funds are running low, will the app top up automatically?	automatic_top_up
Can you tell me where my readily available cash has come from?	verify_source_of_funds
Are there any places that won't take my card?	card_acceptance
I need to close my account as soon as possible.	terminate_account
I'm not sure what I need to verify my identity.	verify_my_identity
I tried to withdraw cash from your ATM but my transaction was cancelled.	declined_cash_withdrawal
There is an extra small charge on my card! What do I do?	extra_charge_on_statement
Are your cards supported in the EU?	country_support
I guess exchange rate for my payment was not correct, as i charged extra on the last saturday.	card_payment_wrong_exchange_rate
I have a transaction showing multiple times.	transaction_charged_twice
Is there a limit to my top-up?	top_up_limits
I want to know the source of my funds.	verify_source_of_funds
What's the web address to unblock my pin?	pin_blocked
Card payment is still pending, why is that the case?	pending_card_payment
I lost my card. Can you help me?	lost_or_stolen_card
is there a way i can see source of money?	verify_source_of_funds
How would my friend be able to send me money?	receiving_money
The app reverted my recent payment	reverted_card_payment?
Do you allow exchanges of EUR?	fiat_currency_support
Any place that takes Mastercard would be fine.	card_acceptance
can I have multiple currencies?	fiat_currency_support
I tried to get money out of the Notting Hill ATM earlier, but I wasn't able to get it to work. Is my card with issue? It's the first time I tried using it.	declined_cash_withdrawal
I see a reverted payment on my account. Why has this happened?	reverted_card_payment?
Can I change my pin number at a cash machine?	change_pin
What foreign exchange rate will I get on weekdays and on the weekends?	exchange_rate
Top-up is not working	top_up_failed
Why am I unable to transfer money when I was able to before?	beneficiary_not_allowed
I have to verify my source of funds.	verify_source_of_funds
How can I tell if my top-up has been cancelled?	top_up_reverted
I got charged twice	transaction_charged_twice
I recently transferred money to my account when will it show up?	balance_not_updated_after_bank_transfer
My salary comes in GBP can I change my options somewhere?	receiving_money
I got a message that I cannot name X as a beneficiary.	beneficiary_not_allowed
Does auto top-up have a limit?	automatic_top_up
Im not sure why Im being charged an extra fee just for purchasing an item from another country? I paid for the item and the shipping why am I getting charged extra?	transfer_fee_charged
I requested money from the ATM and it didn't give me as much as I requested.	wrong_amount_of_cash_received
I think my card is stolen!	lost_or_stolen_card
I am having trouble withdrawing cash.	declined_cash_withdrawal
It appears my top-up has not gone through.	pending_top_up
how many uses are the disposable cards good for?	disposable_card_limits
I left my phone somewhere and can't use the app.	lost_or_stolen_phone
I would like to top up my account with a bank transfer, is that allowed?	transfer_into_account
What are the steps for identity checks?	verify_my_identity
I am wanting to refill my card, is there a charge?	top_up_by_card_charge
I'd like to delete my account.	terminate_account
How long until transfers complete?	pending_transfer
Could I open an account for children?	age_limit
How do I activate my card to start using it?	activate_my_card
Tell me how a top up would be reverted.	top_up_reverted
Can I get another card?	getting_spare_card
Is it possible to delete the account?	terminate_account
Someone may have made an error in figuring out the rate of exchange.  I should have received more cash than I did on my most recent withdrawal.	wrong_exchange_rate_for_cash_withdrawal
i've waited 2 days for a transfer to reach a retailers account, am i going to have to wait longer.	transfer_not_received_by_recipient
My card hasn't been working for even small transactions today.	card_not_working
I got some cash but it wasn't the right amount.	wrong_amount_of_cash_received
My card is not working when I try to use it.	card_not_working
Why isn't my id verified?	unable_to_verify_identity
"""I made a transfer and according to the receiver """"they haven't received the right amount"""" Its lesser than it should be.Now I have to transfer more money to make up for the missing amount . Can you please help me about this, what should be done ?"""	transfer_fee_charged
Could you assist me in finding my lost card?	lost_or_stolen_card
When shipped to the US how long is delivery time?	card_delivery_estimate
I would like to track the card you sent to me.	card_arrival
the exchange rate at which my card payment is at is wrong	card_payment_wrong_exchange_rate
I made a bank transfer and the balance hasn't updated yet.	balance_not_updated_after_bank_transfer
I could not get money from an ATM	declined_cash_withdrawal
A transfer has to be cancelled.	cancel_transfer
I believe my top up has failed	top_up_failed
I did a bank transfer and my balance isn't current.	balance_not_updated_after_bank_transfer
How long does it take to activate the card, as it does not look like its working?	activate_my_card
When will my account receive the money?	transfer_timing
Why does it show that my transfer is still pending?	pending_transfer
Top up not available in my wallet.	topping_up_by_card
Is there any type of fee for currency exchange?	exchange_charge
My card payment is showing up as pending for a very long time, what's going on with that, it should be going through at some point?	pending_card_payment
I want to get a Visa and Mastercard, is it possible to get both from you?	visa_or_mastercard
I forgot my passcode. Now what?	passcode_forgotten
Are their fee's for top ups?	top_up_by_card_charge
Is it possible for a friend to personally send me a payment?	receiving_money
Is there a way to use a cheque to top up my account?	top_up_by_cash_or_cheque
I can't see a transfer to my account I made.	balance_not_updated_after_bank_transfer
When I purchased a product in another country the currency exchange was incorrect.	card_payment_wrong_exchange_rate
I paid with my card and was charged extra	card_payment_fee_charged
Why would I get a decline message in a transfer?	declined_transfer
My PIN has been blocked.	pin_blocked
i put in money for vacation and its not showing. i need that money today, how long will it take	pending_transfer
I enetered the wrong information, I need my account unblocked How do I do that?	pin_blocked
I made a card payment which is showing me pending.	pending_card_payment
I going to be traveling, can I set up auto top-up if I run low on money?	automatic_top_up
I'd like to open an account for my children. How can I do that?	age_limit
What's going on? My card wont accept any transactions.	card_not_working
There is a payment that I made that hasn't gone through yet.	pending_card_payment
